Workbook

Sheet 가이드위반
B2: ■홈페이지 RS 요금제 가이드 위반 | K2: 1. 홈페이지 Sheet M열이 RS인 요금제 & 2. 홈페이지 sheet F열이 LGU+ or LG U+ & 3. 홈페이지 sheet I열이 6 이하
B3: 순번 | C3: 사업자 | D3: 요금제 명 | E3: 월 요금 | F3: 할인 기간 | G3: 기간 이 후 요금
B18: ■홈페이지 RM 요금제 가이드 위반 | K18: 1. 홈페이지 Sheet M열이 RS가 아닌 요금제 & 2. 홈페이지 sheet F열이 LGU+ or LG U+ & 3. 홈페이지 sheet I열이 5 이하 또는 1. 홈페이지 Sheet M열이 RS가 아닌 요금제 & 2. 홈페이지 sheet F열이 LGU+ or LG U+ & 3. 홈페이지 sheet H열이 0
B19: 순번 | C19: 사업자 | D19: 요금제 명 | E19: 월 요금 | F19: 할인 기간 | G19: 기간 이 후 요금

Sheet 홈페이지
A1: 사업자 | B1: 요금제 | C1: 통화 제공량 | D1: 문자 제공량 | E1: 데이터 제공량 | F1: 망구분 | G1: LTE/5G 구분 | H1: 월 요금 | I1: 할인 기간 | J1: 기간 이후 요금 | K1: 요금구분 | L1: 홈페이지 | M1: RS구분 | N1: 가이드위반
A2: 프리티 | B2: 더든든한안심15G+1M | C2: 300분 | D2: 300건 | E2: 15GB | F2: LGU+ | G2: 5G | H2: 110 | I2: 6 | J2: 36300 | K2: 후불 | L2: 홈페이지 | M2: =IFERROR(VLOOKUP($C2&$D2&$E2,참조!$B:$G,6,0),"")
A3: 프리티 | B3: (5G)더든든한200분20G | C3: 200분 | D3: 100건 | E3: 20GB | F3: KT | G3: 5G | H3: 5500 | K3: 후불 | L3: 홈페이지 | M3: =IFERROR(VLOOKUP($C3&$D3&$E3,참조!$B:$G,6,0),"")
A4: 프리티 | B4: 더든든한200분20G | C4: 200분 | D4: 100건 | E4: 20GB | F4: KT | G4: LTE | H4: 10 | I4: 7 | J4: 22000 | K4: 후불 | L4: 홈페이지 | M4: =IFERROR(VLOOKUP($C4&$D4&$E4,참조!$B:$G,6,0),"")
A5: 프리티 | B5: 더든든한500분20G | C5: 500분 | D5: 100건 | E5: 20GB | F5: KT | G5: LTE | H5: 10 | I5: 10 | J5: 24200 | K5: 후불 | L5: 홈페이지 | M5: =IFERROR(VLOOKUP($C5&$D5&$E5,참조!$B:$G,6,0),"")
A6: 프리티 | B6: 더든든한200분15G | C6: 200분 | D6: 100건 | E6: 15GB | F6: KT | G6: 5G | H6: 10 | I6: 7 | J6: 19800 | K6: 후불 | L6: 홈페이지 | M6: =IFERROR(VLOOKUP($C6&$D6&$E6,참조!$B:$G,6,0),"")
A7: 프리티 | B7: 더든든한200분15G | C7: 200분 | D7: 100건 | E7: 15GB | F7: SKT | G7: 5G | H7: 10 | I7: 7 | J7: 27800 | K7: 후불 | L7: 홈페이지 | M7: =IFERROR(VLOOKUP($C7&$D7&$E7,참조!$B:$G,6,0),"")
A8: 프리티 | B8: 음성기본데이터10G | C8: 기본제공 | D8: 기본제공 | E8: 10GB | F8: SKT | G8: LTE | H8: 10 | I8: 10 | J8: 23100 | K8: 후불 | L8: 홈페이지 | M8: =IFERROR(VLOOKUP($C8&$D8&$E8,참조!$B:$G,6,0),"")
A9: 프리티 | B9: 데이터안심4.5G+1Mbps | C9: 기본제공 | D9: 기본제공 | E9: 4.5GB | F9: LGU+ | G9: 5G | H9: 990 | I9: 7 | J9: 23100 | K9: 후불 | L9: 홈페이지 | M9: =IFERROR(VLOOKUP($C9&$D9&$E9,참조!$B:$G,6,0),"")
A10: 프리티 | B10: 5G 든든한200분10G | C10: 200분 | D10: 200건 | E10: 10GB | F10: KT | G10: 5G | H10: 10 | I10: 10 | J10: 5500 | K10: 후불 | L10: 홈페이지 | M10: =IFERROR(VLOOKUP($C10&$D10&$E10,참조!$B:$G,6,0),"")
A11: 프리티 | B11: 데이터안심10G | C11: 기본제공 | D11: 300건 | E11: 10GB | F11: KT | G11: LTE | H11: 10 | I11: 7 | J11: 12100 | K11: 후불 | L11: 홈페이지 | M11: =IFERROR(VLOOKUP($C11&$D11&$E11,참조!$B:$G,6,0),"")
A12: 프리티 | B12: 든든한350분5G | C12: 350분 | D12: 100건 | E12: 5GB | F12: SKT | G12: 5G | H12: 10 | I12: 12 | J12: 7700 | K12: 후불 | L12: 홈페이지 | M12: =IFERROR(VLOOKUP($C12&$D12&$E12,참조!$B:$G,6,0),"")
A13: 프리티 | B13: 든든한 350분5G | C13: 350분 | D13: 100건 | E13: 5GB | F13: LGU+ | G13: 5G | H13: 110 | I13: 10 | J13: 7700 | K13: 후불 | L13: 홈페이지 | M13: =IFERROR(VLOOKUP($C13&$D13&$E13,참조!$B:$G,6,0),"")
A14: 프리티 | B14: 든든한 200분6G | C14: 200분 | D14: 100건 | E14: 6GB | F14: SKT | G14: LTE | H14: 10 | I14: 10 | J14: 4510 | K14: 후불 | L14: 홈페이지 | M14: =IFERROR(VLOOKUP($C14&$D14&$E14,참조!$B:$G,6,0),"")
A15: 프리티 | B15: 든든한 300분10G | C15: 300분 | D15: 300건 | E15: 10GB | F15: SKT | G15: LTE | H15: 34100 | K15: 후불 | L15: 홈페이지 | M15: =IFERROR(VLOOKUP($C15&$D15&$E15,참조!$B:$G,6,0),"")
A16: 프리티 | B16: 데이터팡팡매일5G+ | C16: 기본제공 | D16: 기본제공 | E16: 매일5GB | F16: LGU+ | G16: 5G | H16: 13430 | I16: 7 | J16: 52700 | K16: 후불 | L16: 홈페이지 | M16: =IFERROR(VLOOKUP($C16&$D16&$E16,참조!$B:$G,6,0),"") -> RS
A17: 프리티 | B17: 월간Pick 100G+ | C17: 기본제공 | D17: 기본제공 | E17: 100GB | F17: SKT | G17: LTE | H17: 18700 | I17: 7 | J17: 56760 | K17: 후불 | L17: 홈페이지 | M17: =IFERROR(VLOOKUP($C17&$D17&$E17,참조!$B:$G,6,0),"") -> RS
A18: 프리티 | B18: 월간Pick 11G+ | C18: 기본제공 | D18: 기본제공 | E18: 11GB+매일2GB | F18: SKT | G18: LTE | H18: 15070 | I18: 7 | J18: 48730 | K18: 후불 | L18: 홈페이지 | M18: =IFERROR(VLOOKUP($C18&$D18&$E18,참조!$B:$G,6,0),"") -> RS
A19: 프리티 | B19: 월간Pick 15G+ | C19: 100분 | D19: 100건 | E19: 15GB | F19: SKT | G19: 5G | H19: 14740 | I19: 7 | J19: 36740 | K19: 후불 | L19: 홈페이지 | M19: =IFERROR(VLOOKUP($C19&$D19&$E19,참조!$B:$G,6,0),"") -> RS
A20: 프리티 | B20: 월간Pick 7G+1M | C20: 기본제공 | D20: 기본제공 | E20: 7GB | F20: SKT | G20: LTE | H20: 11000 | I20: 7 | J20: 29040 | K20: 후불 | L20: 홈페이지 | M20: =IFERROR(VLOOKUP($C20&$D20&$E20,참조!$B:$G,6,0),"") -> RS
A21: 프리티 | B21: 하나은행 500분20G | C21: 500분 | D21: 100건 | E21: 20GB | F21: SKT | G21: LTE | H21: 4510 | I21: 12 | J21: 20900 | K21: 후불 | L21: 홈페이지 | M21: =IFERROR(VLOOKUP($C21&$D21&$E21,참조!$B:$G,6,0),"")
A22: 프리티 | B22: 하나은행 200분15G | C22: 200분 | D22: 100건 | E22: 15GB | F22: SKT | G22: 5G | H22: 1100 | I22: 12 | J22: 17600 | K22: 후불 | L22: 홈페이지 | M22: =IFERROR(VLOOKUP($C22&$D22&$E22,참조!$B:$G,6,0),"")
A23: 프리티 | B23: 프리티 편의점금액권 5000 150G+ | C23: 기본제공 | D23: 기본제공 | E23: 150GB | F23: LGU+ | G23: 5G | H23: 29920 | I23: 24 | J23: 62700 | K23: 후불 | L23: 홈페이지 | M23: =IFERROR(VLOOKUP($C23&$D23&$E23,참조!$B:$G,6,0),"") -> RS
A24: 프리티 | B24: 프리티 편의점금액권 100G+ | C24: 기본제공 | D24: 기본제공 | E24: 100GB | F24: SKT | G24: LTE | H24: 18700 | I24: 7 | J24: 57310 | K24: 후불 | L24: 홈페이지 | M24: =IFERROR(VLOOKUP($C24&$D24&$E24,참조!$B:$G,6,0),"") -> RS
A25: 프리티 | B25: 프리티 편의점금액권 11G+ | C25: 기본제공 | D25: 기본제공 | E25: 11GB+매일2GB | F25: SKT | G25: LTE | H25: 15070 | I25: 7 | J25: 49280 | K25: 후불 | L25: 홈페이지 | M25: =IFERROR(VLOOKUP($C25&$D25&$E25,참조!$B:$G,6,0),"") -> RS
A26: 프리티 | B26: 프리티 편의점금액권 15G+ | C26: 100분 | D26: 100건 | E26: 15GB | F26: SKT | G26: 5G | H26: 14740 | I26: 7 | J26: 37290 | K26: 후불 | L26: 홈페이지 | M26: =IFERROR(VLOOKUP($C26&$D26&$E26,참조!$B:$G,6,0),"") -> RS
A27: 프리티 | B27: 프리티 편의점금액권 7G+1M | C27: 기본제공 | D27: 기본제공 | E27: 7GB | F27: SKT | G27: LTE | H27: 11000 | I27: 7 | J27: 29590 | K27: 후불 | L27: 홈페이지 | M27: =IFERROR(VLOOKUP($C27&$D27&$E27,참조!$B:$G,6,0),"") -> RS
... A29: 프리티 | B29: 쿠팡캐시 7G+1M | C29: 기본제공 | D29: 기본제공 | E29: 7GB+추가10GB | F29: KT | G29: LTE | H29: 9900 | I29: 7 | J29: 27500 | K29: 후불 | L29: 홈페이지 | M29: =IFERROR(VLOOKUP($C29&$D29&$E29,참조!$B:$G,6,0),"") -> RS
A30: 프리티 | B30: 프리티구독7G+(대한항공 기프트카드) | C30: 기본제공 | D30: 기본제공 | E30: 7GB | F30: LGU+ | G30: LTE | H30: 17600 | K30: 후불 | L30: 홈페이지 | M30: =IFERROR(VLOOKUP($C30&$D30&$E30,참조!$B:$G,6,0),"") -> RS
A31: 프리티 | B31: 프리티구독7G+1M(대한항공 기프트카드) | C31: 기본제공 | D31: 기본제공 | E31: 7GB | F31: SKT | G31: LTE | H31: 17600 | K31: 후불 | L31: 홈페이지 | M31: =IFERROR(VLOOKUP($C31&$D31&$E31,참조!$B:$G,6,0),"") -> RS
A32: 프리티 | B32: 더든든한500분30G | C32: 500분 | D32: 100건 | E32: 30GB | F32: SKT | G32: LTE | H32: 12100 | K32: 후불 | L32: 홈페이지 | M32: =IFERROR(VLOOKUP($C32&$D32&$E32,참조!$B:$G,6,0),"")
A33: 프리티 | B33: CGV 1+1 100G+ | C33: 기본제공 | D33: 기본제공 | E33: 100GB | F33: KT | G33: LTE | H33: 20900 | I33: 7 | J33: 59840 | K33: 후불 | L33: 홈페이지 | M33: =IFERROR(VLOOKUP($C33&$D33&$E33,참조!$B:$G,6,0),"") -> RS
A34: 프리티 | B34: NH프리덤100G+5M | C34: 기본제공 | D34: 기본제공 | E34: 100GB | F34: SKT | G34: LTE | H34: 24200 | I34: 7 | J34: 55000 | K34: 후불 | L34: 홈페이지 | M34: =IFERROR(VLOOKUP($C34&$D34&$E34,참조!$B:$G,6,0),"") -> RS
A35: 프리티 | B35: 다이소 100G+ | C35: 기본제공 | D35: 기본제공 | E35: 100GB | F35: KT | G35: LTE | H35: 19800 | I35: 7 | J35: 55000 | K35: 후불 | L35: 홈페이지 | M35: =IFERROR(VLOOKUP($C35&$D35&$E35,참조!$B:$G,6,0),"") -> RS
A36: 프리티 | B36: 다이소 7G+1M | C36: 기본제공 | D36: 기본제공 | E36: 7GB+추가10GB | F36: KT | G36: LTE | H36: 9900 | I36: 7 | J36: 27500 | K36: 후불 | L36: 홈페이지 | M36: =IFERROR(VLOOKUP($C36&$D36&$E36,참조!$B:$G,6,0),"") -> RS
A37: 프리티 | B37: CGV 1+1쿠폰 100G+ | C37: 기본제공 | D37: 기본제공 | E37: 100GB | F37: SKT | G37: LTE | H37: 16500 | I37: 7 | J37: 59950 | K37: 후불 | L37: 홈페이지 | M37: =IFERROR(VLOOKUP($C37&$D37&$E37,참조!$B:$G,6,0),"") -> RS
A38: 프리티 | B38: NH프리덤11G+ | C38: 기본제공 | D38: 기본제공 | E38: 11GB+매일2GB | F38: SKT | G38: LTE | H38: 20900 | I38: 7 | J38: 49390 | K38: 후불 | L38: 홈페이지 | M38: =IFERROR(VLOOKUP($C38&$D38&$E38,참조!$B:$G,6,0),"") -> RS
A39: 프리티 | B39: NH프리덤7G+1M | C39: 기본제공 | D39: 기본제공 | E39: 7GB | F39: SKT | G39: LTE | H39: 12100 | I39: 7 | J39: 29700 | K39: 후불 | L39: 홈페이지 | M39: =IFERROR(VLOOKUP($C39&$D39&$E39,참조!$B:$G,6,0),"") -> RS
A40: 프리티 | B40: (5G)더빠른125G+ | C40: 기본제공 | D40: 기본제공 | E40: 125GB | F40: LGU+ | G40: 5G | H40: 15070 | I40: 7 | J40: 58300 | K40: 후불 | L40: 홈페이지 | M40: =IFERROR(VLOOKUP($C40&$D40&$E40,참조!$B:$G,6,0),"") -> RS
A41: 프리티 | B41: (5G)더든든한200분15G | C41: 200분 | D41: 100건 | E41: 15GB | F41: KT | G41: 5G | H41: 4400 | K41: 후불 | L41: 홈페이지 | M41: =IFERROR(VLOOKUP($C41&$D41&$E41,참조!$B:$G,6,0),"")
A42: 프리티 | B42: 더든든한500분20G | C42: 500분 | D42: 100건 | E42: 20GB | F42: SKT | G42: LTE | H42: 4950 | I42: 7 | J42: 15950 | K42: 후불 | L42: 홈페이지 | M42: =IFERROR(VLOOKUP($C42&$D42&$E42,참조!$B:$G,6,0),"")
A43: 프리티 | B43: 음성기본데이터7G | C43: 기본제공 | D43: 200건 | E43: 7GB | F43: SKT | G43: LTE | H43: 3960 | K43: 후불 | L43: 홈페이지 | M43: =IFERROR(VLOOKUP($C43&$D43&$E43,참조!$B:$G,6,0),"")
A44: 프리티 | B44: 유심프리티데이터중심11G+ | C44: 기본제공 | D44: 기본제공 | E44: 11GB+매일2GB | F44: LGU+ | G44: LTE | H44: 12320 | I44: 7 | J44: 44990 | K44: 후불 | L44: 홈페이지 | M44: =IFERROR(VLOOKUP($C44&$D44&$E44,참조!$B:$G,6,0),"") -> RS
A45: 프리티 | B45: 5G 든든한200분5G | C45: 200분 | D45: 100건 | E45: 5GB | F45: KT | G45: 5G | H45: 2200 | K45: 후불 | L45: 홈페이지 | M45: =IFERROR(VLOOKUP($C45&$D45&$E45,참조!$B:$G,6,0),"")
A46: 프리티 | B46: 든든한500분10G | C46: 500분 | D46: 200건 | E46: 10GB | F46: LGU+ | G46: LTE | H46: 110 | I46: 7 | J46: 22000 | K46: 후불 | L46: 홈페이지 | M46: =IFERROR(VLOOKUP($C46&$D46&$E46,참조!$B:$G,6,0),"")
A47: 프리티 | B47: 프리티데이터팡팡 | C47: 기본제공 | D47: 기본제공 | E47: 100GB | F47: SKT | G47: LTE | H47: 15050 | I47: 7 | J47: 53000 | K47: 후불 | L47: 홈페이지 | M47: =IFERROR(VLOOKUP($C47&$D47&$E47,참조!$B:$G,6,0),"") -> RS
A48: 프리티 | B48: USIM데이터중심11G+ | C48: 기본제공 | D48: 기본제공 | E48: 11GB+매일2GB | F48: SKT | G48: LTE | H48: 11110 | I48: 7 | J48: 44990 | K48: 후불 | L48: 홈페이지 | M48: =IFERROR(VLOOKUP($C48&$D48&$E48,참조!$B:$G,6,0),"") -> RS
A49: 프리티 | B49: 하나은행 200분30G | C49: 200분 | D49: 100건 | E49: 30GB | F49: SKT | G49: LTE | H49: 9350 | I49: 12 | J49: 26400 | K49: 후불 | L49: 홈페이지 | M49: =IFERROR(VLOOKUP($C49&$D49&$E49,참조!$B:$G,6,0),"")
A50: 프리티 | B50: 프리티 편의점금액권 5000 125G+ | C50: 기본제공 | D50: 기본제공 | E50: 125GB | F50: LGU+ | G50: 5G | H50: 31900 | I50: 24 | J50: 58300 | K50: 후불 | L50: 홈페이지 | M50: =IFERROR(VLOOKUP($C50&$D50&$E50,참조!$B:$G,6,0),"") -> RS
A51: 프리티 | B51: 프리티 편의점금액권 5000 95G+ | C51: 기본제공 | D51: 기본제공 | E51: 95GB | F51: LGU+ | G51: 5G | H51: 31900 | I51: 24 | J51: 57200 | K51: 후불 | L51: 홈페이지 | M51: =IFERROR(VLOOKUP($C51&$D51&$E51,참조!$B:$G,6,0),"") -> RS
A52: 프리티 | B52: 하나은행 100G+ | C52: 기본제공 | D52: 기본제공 | E52: 100GB | F52: SKT | G52: LTE | H52: 23540 | I52: 12 | J52: 46640 | K52: 후불 | L52: 홈페이지 | M52: =IFERROR(VLOOKUP($C52&$D52&$E52,참조!$B:$G,6,0),"") -> RS
A53: 프리티 | B53: 더든든한200분30G | C53: 200분 | D53: 100건 | E53: 30GB | F53: KT | G53: LTE | H53: 13200 | K53: 후불 | L53: 홈페이지 | M53: =IFERROR(VLOOKUP($C53&$D53&$E53,참조!$B:$G,6,0),"")
A54: 프리티 | B54: 프리티구독1000분15G(스타벅스금액권) | C54: 1000분 | D54: 100건 | E54: 15GB | F54: SKT | G54: 5G | H54: 18700 | I54: 12 | J54: 19800 | K54: 후불 | L54: 홈페이지 | M54: =IFERROR(VLOOKUP($C54&$D54&$E54,참조!$B:$G,6,0),"")
A55: 프리티 | B55: (5G)프리티구독1000분20G(스타벅스금액권) | C55: 1000분 | D55: 200건 | E55: 20GB | F55: SKT | G55: 5G | H55: 22000 | K55: 후불 | L55: 홈페이지 | M55: =IFERROR(VLOOKUP($C55&$D55&$E55,참조!$B:$G,6,0),"")
A56: 프리티 | B56: 프리티구독100G+5M(스타벅스금액권) | C56: 기본제공 | D56: 기본제공 | E56: 100GB | F56: SKT | G56: LTE | H56: 28600 | I56: 7 | J56: 57200 | K56: 후불 | L56: 홈페이지 | M56: =IFERROR(VLOOKUP($C56&$D56&$E56,참조!$B:$G,6,0),"") -> RS
A57: 프리티 | B57: 프리티구독11G+3M(스타벅스금액권) | C57: 기본제공 | D57: 기본제공 | E57: 11GB+매일2GB | F57: SKT | G57: LTE | H57: 25300 | I57: 7 | J57: 49500 | K57: 후불 | L57: 홈페이지 | M57: =IFERROR(VLOOKUP($C57&$D57&$E57,참조!$B:$G,6,0),"") -> RS
A58: 프리티 | B58: 프리티구독매일5G+5M(스타벅스금액권) | C58: 기본제공 | D58: 기본제공 | E58: 매일5GB | F58: LGU+ | G58: 5G | H58: 31900 | I58: 7 | J58: 57200 | K58: 후불 | L58: 홈페이지 | M58: =IFERROR(VLOOKUP($C58&$D58&$E58,참조!$B:$G,6,0),"") -> RS
A59: 프리티 | B59: 프리티구독11G+3M(스타벅스금액권) | C59: 기본제공 | D59: 기본제공 | E59: 11GB+매일2GB | F59: LGU+ | G59: LTE | H59: 26400 | I59: 7 | J59: 49500 | K59: 후불 | L59: 홈페이지 | M59: =IFERROR(VLOOKUP($C59&$D59&$E59,참조!$B:$G,6,0),"") -> RS
A60: 프리티 | B60: (5G)하나은행 200분30G | C60: 200분 | D60: 100건 | E60: 30GB | F60: SKT | G60: 5G | H60: 15400 | I60: 12 | J60: 18480 | K60: 후불 | L60: 홈페이지 | M60: =IFERROR(VLOOKUP($C60&$D60&$E60,참조!$B:$G,6,0),"")
A61: 프리티 | B61: (5G)하나은행 500분20G | C61: 500분 | D61: 100건 | E61: 20GB | F61: SKT | G61: 5G | H61: 9460 | I61: 12 | J61: 12540 | K61: 후불 | L61: 홈페이지 | M61: =IFERROR(VLOOKUP($C61&$D61&$E61,참조!$B:$G,6,0),"")
A62: 프리티 | B62: CGV 1+1쿠폰 7G+1M | C62: 기본제공 | D62: 기본제공 | E62: 7GB | F62: SKT | G62: LTE | H62: 7700 | I62: 7 | J62: 32340 | K62: 후불 | L62: 홈페이지 | M62: =IFERROR(VLOOKUP($C62&$D62&$E62,참조!$B:$G,6,0),"") -> RS
A63: 프리티 | B63: CGV 1+1쿠폰 15G+ | C63: 100분 | D63: 100건 | E63: 15GB | F63: SKT | G63: 5G | H63: 11660 | I63: 7 | J63: 40040 | K63: 후불 | L63: 홈페이지 | M63: =IFERROR(VLOOKUP($C63&$D63&$E63,참조!$B:$G,6,0),"") -> RS
A64: 프리티 | B64: CGV 1+1쿠폰 11G+ | C64: 기본제공 | D64: 기본제공 | E64: 11GB+매일2GB | F64: SKT | G64: LTE | H64: 13090 | I64: 7 | J64: 52030 | K64: 후불 | L64: 홈페이지 | M64: =IFERROR(VLOOKUP($C64&$D64&$E64,참조!$B:$G,6,0),"") -> RS
A65: 프리티 | B65: 하나은행 7G+1M | C65: 기본제공 | D65: 기본제공 | E65: 7GB | F65: SKT | G65: LTE | H65: 7040 | I65: 12 | J65: 23100 | K65: 후불 | L65: 홈페이지 | M65: =IFERROR(VLOOKUP($C65&$D65&$E65,참조!$B:$G,6,0),"") -> RS
A66: 프리티 | B66: 하나은행 100분15G+ | C66: 100분 | D66: 100건 | E66: 15GB | F66: SKT | G66: 5G | H66: 12100 | I66: 12 | J66: 30800 | K66: 후불 | L66: 홈페이지 | M66: =IFERROR(VLOOKUP($C66&$D66&$E66,참조!$B:$G,6,0),"") -> RS
A67: 프리티 | B67: 하나은행 11G+ | C67: 기본제공 | D67: 기본제공 | E67: 11GB+매일2GB | F67: SKT | G67: LTE | H67: 18040 | I67: 12 | J67: 38940 | K67: 후불 | L67: 홈페이지 | M67: =IFERROR(VLOOKUP($C67&$D67&$E67,참조!$B:$G,6,0),"") -> RS
... A72: 프리티 | B72: 더든든한500분20G | C72: 500분 | D72: 100건 | E72: 20GB | F72: LGU+ | G72: LTE | H72: 5500 | I72: 7 | J72: 19800 | K72: 후불 | L72: 홈페이지 | M72: =IFERROR(VLOOKUP($C72&$D72&$E72,참조!$B:$G,6,0),"")
A73: 프리티 | B73: 음성기본데이터5G | C73: 기본제공 | D73: 150건 | E73: 5GB | F73: SKT | G73: 5G | H73: 3300 | K73: 후불 | L73: 홈페이지 | M73: =IFERROR(VLOOKUP($C73&$D73&$E73,참조!$B:$G,6,0),"")
A74: 프리티 | B74: 5G더빠른150G | C74: 기본제공 | D74: 기본제공 | E74: 150GB | F74: LGU+ | G74: 5G | H74: 17310 | I74: 7 | J74: 57900 | K74: 후불 | L74: 홈페이지 | M74: =IFERROR(VLOOKUP($C74&$D74&$E74,참조!$B:$G,6,0),"") -> RS
A75: 프리티 | B75: 든든한 500분10G | C75: 500분 | D75: 200건 | E75: 10GB | F75: SKT | G75: LTE | H75: 1100 | I75: 10 | J75: 15400 | K75: 후불 | L75: 홈페이지 | M75: =IFERROR(VLOOKUP($C75&$D75&$E75,참조!$B:$G,6,0),"")
A76: 프리티 | B76: 5G 더빠른 180G+ | C76: 기본제공 | D76: 기본제공 | E76: 180GB | F76: LGU+ | G76: 5G | H76: 17930 | I76: 7 | J76: 60500 | K76: 후불 | L76: 홈페이지 | M76: =IFERROR(VLOOKUP($C76&$D76&$E76,참조!$B:$G,6,0),"") -> RS
A77: 프리티 | B77: 든든한200분10G | C77: 200분 | D77: 100건 | E77: 10GB | F77: SKT | G77: LTE | H77: 1100 | I77: 7 | J77: 6600 | K77: 후불 | L77: 홈페이지 | M77: =IFERROR(VLOOKUP($C77&$D77&$E77,참조!$B:$G,6,0),"")
A78: 프리티 | B78: 프리티구독매일5G+5M(대한항공 기프트카드) | C78: 기본제공 | D78: 기본제공 | E78: 매일5GB | F78: LGU+ | G78: 5G | H78: 38500 | I78: 7 | J78: 44000 | K78: 후불 | L78: 홈페이지 | M78: =IFERROR(VLOOKUP($C78&$D78&$E78,참조!$B:$G,6,0),"") -> RS
A79: 프리티 | B79: 프리티구독11G+3M(대한항공 기프트카드) | C79: 기본제공 | D79: 기본제공 | E79: 11GB+매일2GB | F79: LGU+ | G79: LTE | H79: 33000 | I79: 7 | J79: 38500 | K79: 후불 | L79: 홈페이지 | M79: =IFERROR(VLOOKUP($C79&$D79&$E79,참조!$B:$G,6,0),"") -> RS
A80: 프리티 | B80: 프리티구독15G+3M(대한항공 기프트카드) | C80: 100분 | D80: 100건 | E80: 15GB | F80: LGU+ | G80: 5G | H80: 27500 | I80: 7 | J80: 33000 | K80: 후불 | L80: 홈페이지 | M80: =IFERROR(VLOOKUP($C80&$D80&$E80,참조!$B:$G,6,0),"") -> RS
A81: 프리티 | B81: 프리티구독 100G+5M(대한항공 기프트카드) | C81: 기본제공 | D81: 기본제공 | E81: 100GB | F81: SKT | G81: LTE | H81: 38500 | I81: 7 | J81: 44000 | K81: 후불 | L81: 홈페이지 | M81: =IFERROR(VLOOKUP($C81&$D81&$E81,참조!$B:$G,6,0),"") -> RS
A82: 프리티 | B82: 프리티구독 11G+3M(대한항공 기프트카드) | C82: 기본제공 | D82: 기본제공 | E82: 11GB+매일2GB | F82: SKT | G82: LTE | H82: 33000 | I82: 7 | J82: 38500 | K82: 후불 | L82: 홈페이지 | M82: =IFERROR(VLOOKUP($C82&$D82&$E82,참조!$B:$G,6,0),"") -> RS
A83: 프리티 | B83: 프리티구독15G+3M(대한항공 기프트카드) | C83: 100분 | D83: 100건 | E83: 15GB | F83: SKT | G83: 5G | H83: 27500 | I83: 7 | J83: 33000 | K83: 후불 | L83: 홈페이지 | M83: =IFERROR(VLOOKUP($C83&$D83&$E83,참조!$B:$G,6,0),"") -> RS
A84: 프리티 | B84: CGV 100G+ | C84: 기본제공 | D84: 기본제공 | E84: 100GB | F84: SKT | G84: LTE | H84: 22990 | I84: 7 | J84: 64020 | K84: 후불 | L84: 홈페이지 | M84: =IFERROR(VLOOKUP($C84&$D84&$E84,참조!$B:$G,6,0),"") -> RS
A85: 프리티 | B85: CGV 11G+ | C85: 기본제공 | D85: 기본제공 | E85: 11GB+매일2GB | F85: SKT | G85: LTE | H85: 19140 | I85: 7 | J85: 55990 | K85: 후불 | L85: 홈페이지 | M85: =IFERROR(VLOOKUP($C85&$D85&$E85,참조!$B:$G,6,0),"") -> RS
... A87: 프리티 | B87: CGV 15G+ | C87: 100분 | D87: 100건 | E87: 15GB | F87: SKT | G87: 5G | H87: 15620 | I87: 7 | J87: 44000 | K87: 후불 | L87: 홈페이지 | M87: =IFERROR(VLOOKUP($C87&$D87&$E87,참조!$B:$G,6,0),"") -> RS
A88: 프리티 | B88: 데이터안심100분10G+1M | C88: 100분 | D88: 100건 | E88: 10GB | F88: LGU+ | G88: LTE | H88: 9900 | K88: 후불 | L88: 홈페이지 | M88: =IFERROR(VLOOKUP($C88&$D88&$E88,참조!$B:$G,6,0),"")
A89: 프리티 | B89: 5G 든든한200분7G | C89: 200분 | D89: 150건 | E89: 7GB | F89: LGU+ | G89: 5G | H89: 4400 | K89: 후불 | L89: 홈페이지 | M89: =IFERROR(VLOOKUP($C89&$D89&$E89,참조!$B:$G,6,0),"")
A90: 프리티 | B90: 5G 든든한200분5G | C90: 200분 | D90: 100건 | E90: 5GB | F90: LGU+ | G90: 5G | H90: 3300 | K90: 후불 | L90: 홈페이지 | M90: =IFERROR(VLOOKUP($C90&$D90&$E90,참조!$B:$G,6,0),"")
A91: 프리티 | B91: 프리티 편의점금액권 5000 100G+ | C91: 기본제공 | D91: 기본제공 | E91: 100GB | F91: LGU+ | G91: LTE | H91: 32560 | I91: 24 | J91: 57200 | K91: 후불 | L91: 홈페이지 | M91: =IFERROR(VLOOKUP($C91&$D91&$E91,참조!$B:$G,6,0),"") -> RS
A92: 프리티 | B92: 프리티 편의점금액권 5000 11G+ | C92: 기본제공 | D92: 기본제공 | E92: 11GB+매일2GB | F92: LGU+ | G92: LTE | H92: 28270 | I92: 24 | J92: 47190 | K92: 후불 | L92: 홈페이지 | M92: =IFERROR(VLOOKUP($C92&$D92&$E92,참조!$B:$G,6,0),"") -> RS
A93: 프리티 | B93: 프리티 편의점금액권 5000 15G+ | C93: 100분 | D93: 100건 | E93: 15GB | F93: LGU+ | G93: 5G | H93: 21670 | I93: 24 | J93: 37400 | K93: 후불 | L93: 홈페이지 | M93: =IFERROR(VLOOKUP($C93&$D93&$E93,참조!$B:$G,6,0),"") -> RS
A94: 프리티 | B94: 프리티 편의점금액권 5000 7G+1M | C94: 기본제공 | D94: 기본제공 | E94: 7GB | F94: LGU+ | G94: LTE | H94: 15070 | I94: 24 | J94: 29700 | K94: 후불 | L94: 홈페이지 | M94: =IFERROR(VLOOKUP($C94&$D94&$E94,참조!$B:$G,6,0),"") -> RS
A95: 프리티 | B95: CGV 1+1 7G+1M | C95: 기본제공 | D95: 기본제공 | E95: 1GB+추가16GB | F95: KT | G95: LTE | H95: 12870 | I95: 7 | J95: 32340 | K95: 후불 | L95: 홈페이지 | M95: =IFERROR(VLOOKUP($C95&$D95&$E95,참조!$B:$G,6,0),"")
A96: 프리티 | B96: 쿠팡캐시 11G+ | C96: 기본제공 | D96: 기본제공 | E96: 11GB+매일2GB | F96: KT | G96: LTE | H96: 21780 | I96: 7 | J96: 44990 | K96: 후불 | L96: 홈페이지 | M96: =IFERROR(VLOOKUP($C96&$D96&$E96,참조!$B:$G,6,0),"") -> RS
A97: 프리티 | B97: 프리티구독7G+1M(스타벅스금액권) | C97: 기본제공 | D97: 기본제공 | E97: 7GB | F97: SKT | G97: LTE | H97: 18700 | I97: 7 | J97: 34100 | K97: 후불 | L97: 홈페이지 | M97: =IFERROR(VLOOKUP($C97&$D97&$E97,참조!$B:$G,6,0),"") -> RS
A98: 프리티 | B98: 프리티구독7G+1M(스타벅스금액권) | C98: 기본제공 | D98: 기본제공 | E98: 7GB | F98: LGU+ | G98: LTE | H98: 22000 | I98: 7 | J98: 34100 | K98: 후불 | L98: 홈페이지 | M98: =IFERROR(VLOOKUP($C98&$D98&$E98,참조!$B:$G,6,0),"") -> RS
A99: 프리티 | B99: 올리브영 100G+ | C99: 기본제공 | D99: 기본제공 | E99: 100GB | F99: KT | G99: LTE | H99: 22990 | I99: 7 | J99: 55000 | K99: 후불 | L99: 홈페이지 | M99: =IFERROR(VLOOKUP($C99&$D99&$E99,참조!$B:$G,6,0),"") -> RS
A100: 프리티 | B100: 올리브영 15G+1M | C100: 기본제공 | D100: 기본제공 | E100: 15GB+추가10GB | F100: KT | G100: 5G | H100: 17270 | I100: 7 | J100: 35530 | K100: 후불 | L100: 홈페이지 | M100: =IFERROR(VLOOKUP($C100&$D100&$E100,참조!$B:$G,6,0),"")
A101: 프리티 | B101: 올리브영 11G+ | C101: 기본제공 | D101: 기본제공 | E101: 11GB+매일2GB | F101: KT | G101: LTE | H101: 21780 | I101: 7 | J101: 44990 | K101: 후불 | L101: 홈페이지 | M101: =IFERROR(VLOOKUP($C101&$D101&$E101,참조!$B:$G,6,0),"") -> RS
A102: 프리티 | B102: 올리브영 7G+1M | C102: 기본제공 | D102: 기본제공 | E102: 7GB+추가10GB | F102: KT | G102: LTE | H102: 12760 | I102: 7 | J102: 27500 | K102: 후불 | L102: 홈페이지 | M102: =IFERROR(VLOOKUP($C102&$D102&$E102,참조!$B:$G,6,0),"") -> RS
A103: 프리티 | B103: NH더드림 안심+ | C103: 기본제공 | D103: 기본제공 | E103: 1GB | F103: LGU+ | G103: LTE | H103: 9900 | K103: 후불 | L103: 홈페이지 | M103: =IFERROR(VLOOKUP($C103&$D103&$E103,참조!$B:$G,6,0),"")
A104: 프리티 | B104: 프리티구독15G+3M(스타벅스금액권) | C104: 100분 | D104: 100건 | E104: 15GB | F104: SKT | G104: 5G | H104: 22000 | I104: 7 | J104: 41800 | K104: 후불 | L104: 홈페이지 | M104: =IFERROR(VLOOKUP($C104&$D104&$E104,참조!$B:$G,6,0),"") -> RS
A105: 프리티 | B105: 프리티구독15G+3M(스타벅스금액권) | C105: 100분 | D105: 100건 | E105: 15GB | F105: LGU+ | G105: 5G | H105: 25300 | I105: 7 | J105: 41800 | K105: 후불 | L105: 홈페이지 | M105: =IFERROR(VLOOKUP($C105&$D105&$E105,참조!$B:$G,6,0),"") -> RS
A106: 프리티 | B106: 데이터안심10G+1M | C106: 기본제공 | D106: 기본제공 | E106: 10GB | F106: LGU+ | G106: LTE | H106: 14410 | I106: 7 | J106: 30800 | K106: 후불 | L106: 홈페이지 | M106: =IFERROR(VLOOKUP($C106&$D106&$E106,참조!$B:$G,6,0),"")
...

Sheet 전일 대비 변동
A1: 변동구분 | B1: 사업자 | C1: 요금제 | D1: 망정보 | E1: LTE/5G | F1: 전일 월요금 | G1: 금일 월요금 | H1: 전일 할인기간 | I1: 금일 할인기간 | J1: 전일 이후요금 | K1: 금일 이후요금

Sheet 참조
B2: 통합 | C2: 통화 제공량 | D2: 문자 제공량 | E2: 데이터 제공량
B3: 기본제공기본제공7GB | C3: 기본제공 | D3: 기본제공 | E3: 7GB | F3: 7GB | G3: RS
B4: 기본제공기본제공7GB+추가10GB | C4: 기본제공 | D4: 기본제공 | E4: 7GB+추가10GB | F4: 7GB | G4: RS
B5: 기본제공(부가통화300분)기본제공7GB+10GB(24개월)+1Mbps | C5: 기본제공(부가통화300분) | D5: 기본제공 | E5: 7GB+10GB(24개월)+1Mbps | F5: 7GB | G5: RS
B6: 기본제공기본제공7GB + 1Mbps | C6: 기본제공 | D6: 기본제공 | E6: 7GB + 1Mbps | F6: 7GB | G6: RS
B7: 기본제공기본제공월 7GB (소진시 1Mbps) | C7: 기본제공 | D7: 기본제공 | E7: 월 7GB (소진시 1Mbps) | F7: 7GB | G7: RS
B8: 기본제공기본제공월 37GB (소진시 1Mbps) | C8: 기본제공 | D8: 기본제공 | E8: 월 37GB (소진시 1Mbps) | F8: 7GB | G8: RS
B9: 기본제공기본제공월 7GB (소진시 최대 1Mbps 속도로 무제한 이용) | C9: 기본제공 | D9: 기본제공 | E9: 월 7GB (소진시 최대 1Mbps 속도로 무제한 이용) | F9: 7GB | G9: RS
B10: 기본제공기본제공월 7GB (소진시 1Mbps 속도로 데이터 무제한 사용가능) | C10: 기본제공 | D10: 기본제공 | E10: 월 7GB (소진시 1Mbps 속도로 데이터 무제한 사용가능) | F10: 7GB | G10: RS
B11: 기본제공기본제공월 7GB+ | C11: 기본제공 | D11: 기본제공 | E11: 월 7GB+ | F11: 7GB | G11: RS
B12: 기본제공 + 영상/부가통화 300분기본제공월 7GB + 1Mbps | C12: 기본제공 + 영상/부가통화 300분 | D12: 기본제공 | E12: 월 7GB + 1Mbps | F12: 7GB | G12: RS
B13: 무제한 (부가 음성 300분)무제한월 7GB (소진시 1Mbps) | C13: 무제한 (부가 음성 300분) | D13: 무제한 | E13: 월 7GB (소진시 1Mbps) | F13: 7GB | G13: RS
B14: 기본제공 (부가300분)기본제공월 7GB+1Mbps | C14: 기본제공 (부가300분) | D14: 기본제공 | E14: 월 7GB+1Mbps | F14: 7GB | G14: RS
... B139: 기본제공기본제공월 180GB+10Mbps | C139: 기본제공 | D139: 기본제공 | E139: 월 180GB+10Mbps | F139: 180G | G139: RS
